,predicts
0,<module.model.models.Output object at 0x000001B086C2BF10>
1,<module.model.models.Output object at 0x000001B086BDB520>
2,<module.model.models.Output object at 0x000001B086BDB250>
3,<module.model.models.Output object at 0x000001B086BDB040>
4,<module.model.models.Output object at 0x000001B086BDB220>
5,<module.model.models.Output object at 0x000001B086BDB4F0>
6,<module.model.models.Output object at 0x000001B086BDB490>
7,<module.model.models.Output object at 0x000001B086B07BB0>
8,<module.model.models.Output object at 0x000001B086B07B20>
9,<module.model.models.Output object at 0x000001B086B07C70>
10,<module.model.models.Output object at 0x000001B086B07D30>
11,<module.model.models.Output object at 0x000001B0869F4C40>
12,<module.model.models.Output object at 0x000001B0869F4730>
13,<module.model.models.Output object at 0x000001B0869F46D0>
14,<module.model.models.Output object at 0x000001B0869F4490>
15,<module.model.models.Output object at 0x000001B0869F4D00>
16,<module.model.models.Output object at 0x000001B0869F4EB0>
17,<module.model.models.Output object at 0x000001B086D51AC0>
18,<module.model.models.Output object at 0x000001B086D51580>
19,<module.model.models.Output object at 0x000001B086D516A0>
20,<module.model.models.Output object at 0x000001B086D51430>
21,<module.model.models.Output object at 0x000001B086D51310>
22,<module.model.models.Output object at 0x000001B086D51130>
23,<module.model.models.Output object at 0x000001B086D51B50>
24,<module.model.models.Output object at 0x000001B086D51970>
25,<module.model.models.Output object at 0x000001B086D51250>
26,<module.model.models.Output object at 0x000001B086D51670>
